,name,country,team,races,years_in_f1,championships,gp_wins,podiums,poles,dnfs,fav_circuit,avg_yearly_salary
0,Frank Daniels,United States,Mercedes,67,4,5,56,29,62,16,Albert Park,16
1,Pierangelo Franceschi,Italy,Aston Martin,218,10,3,75,43,55,9,Circuit Zandvoort,17
2,Frederick Gamble,United States,Ferrari,167,8,3,56,52,72,11,Imola,14
3,Tristan Rousseau-Grondin,France,AlphaTauri,251,12,4,68,37,70,16,Circuit of The Americas,14
4,Horacio Alemany,Spain,Aston Martin,185,9,1,73,37,66,11,Jeddah Corniche Circuit,14
5,James Perkins,Australia,Alfa Romeo,196,9,5,77,35,47,11,Albert Park,13
6,Giampiero Ferrante,Italy,Alfa Romeo,119,6,3,72,43,89,13,Baku City Circuit,15
7,Franco Moccia,Italy,Alfa Romeo,20,1,2,58,43,49,11,Suzuka Circuit,9
8,Mrs Holly Hutchinson,Great Britain,McLaren,126,6,3,60,34,81,10,Marina Bay,14
9,Erasmo de Campoy,Spain,McLaren,203,10,3,95,37,53,12,Baku City Circuit,16
10,Guy Rey-Louis,France,Ferrari,201,10,3,44,21,75,10,Imola,12
11,Gregory Ayala,Australia,Ferrari,217,10,3,83,40,72,14,Imola,16
12,Gilbert Hoareau,France,Alfa Romeo,136,7,4,73,49,60,12,Jeddah Corniche Circuit,14
13,Ms Leah Davies,Great Britain,McLaren,223,11,4,59,26,65,11,Imola,15
14,Sakari Hautala,Finland,Ferrari,162,8,2,65,71,68,14,Marina Bay,15
15,Mr Simon Robinson,Great Britain,Aston Martin,108,5,6,67,40,53,10,Circuit of The Americas,17
16,Pierre Vallet-Rivière,France,Aston Martin,76,4,4,86,29,75,9,Circuit of The Americas,16
17,Samu Salvà Alegre,Spain,AlphaTauri,190,9,5,49,48,63,16,Suzuka Circuit,13
18,Beth Griffiths,Great Britain,McLaren,145,7,4,76,36,72,14,Circuit of The Americas,16
19,Ruth Bell-Austin,Great Britain,Ferrari,180,9,3,36,23,60,16,Interlagos,10
20,Claudio Asprucci,Italy,Mercedes,181,9,5,57,23,77,13,Albert Park,18
21,Luigi Mastroianni,Italy,Alfa Romeo,181,9,5,47,41,87,14,Imola,14
22,William Lemonnier,France,McLaren,142,7,2,73,53,64,9,Marina Bay,13
23,George Lambert,Great Britain,Aston Martin,199,10,3,71,48,68,12,Marina Bay,16
24,Ricky Wiggins,United States,McLaren,161,8,7,58,6,67,10,Circuit Zandvoort,14
25,Johnny Riley,United States,McLaren,210,10,6,43,37,76,16,Suzuka Circuit,16
26,Pier Montanelli,Italy,Alfa Romeo,163,8,1,55,64,69,12,Jeddah Corniche Circuit,11
27,Norberto de Pascual,Spain,Alfa Romeo,152,7,4,36,33,57,11,Circuit of The Americas,10
28,Chema Villa Guillen,Spain,Ferrari,189,9,5,49,36,74,5,"Adelaide Street Circuit, Australia",15
29,Matti Erkkilä-Lindström,Finland,Alfa Romeo,100,5,2,75,39,74,11,Imola,11
30,Dylan Smith,Great Britain,Alfa Romeo,100,5,5,79,28,73,13,Jeddah Corniche Circuit,15
31,Gaspare Accardo,Italy,Ferrari,165,8,4,82,38,64,16,Circuit of The Americas,14
32,Kristian Rytkönen,Finland,Ferrari,164,8,4,52,62,60,13,Circuit of The Americas,15
33,Ms Josephine Richards,Great Britain,Alfa Romeo,128,6,2,60,51,53,14,Baku City Circuit,11
34,Jari Salmi,Finland,McLaren,205,10,3,69,26,67,13,Autodromo Hermanos Rodriguez,14
35,Brandon Walker,United States,McLaren,142,7,2,72,18,51,9,Interlagos,12
36,William Li,Australia,Ferrari,224,11,3,44,42,59,12,Baku City Circuit,13
37,Eero Lehtola,Finland,Ferrari,196,9,3,59,47,72,13,Baku City Circuit,14
38,Andrey Freudenberger,Germany,Ferrari,171,8,1,79,46,61,13,Paul Ricard,13
39,Dr Donald Anderson,Great Britain,Williams,184,9,4,62,35,68,15,Autódromo José Carlos Pace,12
40,Janne Heikkinen-Eklund,Finland,Ferrari,192,9,4,73,63,62,17,Interlagos,17
41,Fausto Vezzali,Italy,Ferrari,168,8,4,49,44,55,10,Imola,12
42,Amber Whitehead,Great Britain,McLaren,141,7,4,57,24,74,11,Circuit of The Americas,14
43,Gianluca Broschi,Italy,Williams,163,8,3,75,56,60,9,Circuit of The Americas,13
44,Frédéric Rousseau,France,McLaren,172,8,4,66,67,45,12,Hungaroring,15
45,Chema del Melero,Spain,Alpine,298,14,2,61,48,61,10,Paul Ricard,16
46,Ronaldo Savorgnan-Petrassi,Italy,Red Bull,114,6,3,71,59,69,11,Circuit Zandvoort,17
47,Michael Jones,United States,Ferrari,177,9,1,88,45,73,12,Marina Bay,14
48,Ms Cheryl Stephens,Great Britain,Williams,215,10,3,60,17,68,13,Imola,10
49,Timo Linna,Finland,Ferrari,175,8,5,82,53,66,11,Circuit of The Americas,17
50,Zachary Larson,Australia,Williams,115,6,5,67,29,63,12,Imola,11
51,Enrico Gussoni,Italy,Alfa Romeo,144,7,4,86,27,78,12,Bahrain International Circuit,14
52,Craig McCarthy-Cox,Great Britain,McLaren,91,5,3,57,60,35,11,Paul Ricard,13
53,Auguste Guérin,France,AlphaTauri,171,8,5,61,54,63,18,Baku City Circuit,15
54,Nikki Hermans,Netherlands,Ferrari,81,4,6,66,54,97,12,Hungaroring,17
55,Benjamín Saura Lopez,Spain,Alfa Romeo,164,8,3,45,62,66,13,Imola,13
56,Antonios Bärer B.Sc.,Germany,Aston Martin,170,8,3,77,23,47,12,Red Bull Ring,14
57,André Leblanc,France,Aston Martin,112,6,4,69,56,80,15,Paul Ricard,17
58,Mohammad Richardson,Great Britain,Alfa Romeo,222,11,2,59,31,62,12,Interlagos,11
59,Dr Andrew Allen,Great Britain,Ferrari,172,8,4,70,47,47,15,Paul Ricard,14
60,Juhani Tikkanen,Finland,Alfa Romeo,121,6,4,59,45,70,13,Autodromo Hermanos Rodriguez,13
61,Dott. Atenulf Ligorio,Italy,Ferrari,64,3,3,53,57,50,17,Circuit of The Americas,11
62,Joey Dekker,Netherlands,Ferrari,168,8,4,67,29,91,13,Marina Bay,15
63,Isaiah Bell,United States,AlphaTauri,132,6,3,62,46,61,10,Imola,11
64,Hazel McCarthy-Day,Great Britain,Alfa Romeo,103,5,1,75,35,73,11,Circuit of The Americas,11
65,William Giles-Campbell,Great Britain,Aston Martin,144,7,4,81,46,63,9,Paul Ricard,17
66,Erik Hirvonen,Finland,Alfa Romeo,135,7,4,68,64,68,14,Baku City Circuit,15
67,Sig. Ermes Vespucci,Italy,Mercedes,214,10,2,69,40,72,14,Suzuka Circuit,16
68,Justin Taylor PhD,United States,Ferrari,148,7,5,67,36,76,9,Circuit of The Americas,15
69,Mr Frederick Dunn,Great Britain,Ferrari,143,7,3,77,57,85,15,Albert Park,16
70,Mr Alexander Power,Great Britain,Alfa Romeo,206,10,3,59,37,75,11,Interlagos,12
71,Panfilo Boldù-Cantimori,Italy,Alpine,155,8,5,78,24,71,8,Circuit of The Americas,17
72,Benjamin Seguin,France,McLaren,154,7,3,65,46,74,8,Circuit of The Americas,15
73,Catherine Fisher,Great Britain,Aston Martin,237,11,4,42,59,70,16,Baku City Circuit,16
74,Timothée Guyon,France,AlphaTauri,118,6,5,67,42,55,12,Paul Ricard,13
75,Petteri Huovinen-Mäntylä,Finland,Ferrari,161,8,3,82,57,52,14,Miami International Autodrome,14
76,Jeffrey Gross,Australia,Ferrari,249,12,4,72,34,83,8,Circuit of The Americas,16
77,Juan Pablo Quero Isern,Spain,Ferrari,148,7,2,58,74,63,10,Imola,13
78,Mr Stuart Bishop,Great Britain,Mercedes,147,7,5,55,32,76,14,"Kyalami, South Africa",18
79,Dr Joan Fisher,Great Britain,Williams,96,5,3,56,24,71,12,Circuit of The Americas,10
80,Aaron Sutinen-Tuominen,Finland,McLaren,272,13,3,72,38,66,17,"Adelaide Street Circuit, Australia",15
81,Benjamin Berthelot Le Gomes,France,AlphaTauri,190,9,5,76,40,70,15,Interlagos,15
82,Julien Vaillant,France,Alpine,160,8,4,61,30,99,7,Jeddah Corniche Circuit,17
83,Patrick Whitaker,United States,Haas,184,9,0,82,27,51,8,Baku City Circuit,8
84,Dott. Dionigi Satta,Italy,Aston Martin,205,10,1,68,34,67,10,Autodromo Hermanos Rodriguez,13
85,Fiorino Caetani,Italy,Ferrari,171,8,4,100,42,72,13,Paul Ricard,16
86,José Josué Pedro Alvarado,Spain,McLaren,139,7,3,50,36,56,8,Circuit Zandvoort,12
87,Eric Watkins,Great Britain,McLaren,136,7,4,73,59,64,9,Autódromo José Carlos Pace,16
88,Clemente Cervantes-Lara,Spain,Alfa Romeo,120,6,4,61,30,53,13,Bahrain International Circuit,12
89,Malcolm Jackson,Great Britain,Aston Martin,118,6,2,71,61,36,14,Circuit of The Americas,14
90,Patrick Nelson,Great Britain,Alfa Romeo,147,7,3,51,34,64,14,Imola,12
91,Danilo Vecellio,Italy,Ferrari,149,7,5,41,47,71,11,Red Bull Ring,14
92,Milo Guariento,Italy,McLaren,191,9,3,55,11,75,11,Baku City Circuit,12
93,Johan Koskinen,Finland,Alfa Romeo,169,8,4,59,38,43,10,Paul Ricard,12
94,Miss Leanne Clark,Great Britain,Alfa Romeo,240,11,4,55,52,67,14,Suzuka Circuit,15
95,Micha van Roijen,Netherlands,Mercedes,203,10,2,64,44,58,16,Interlagos,15
96,Thomas Williams,Australia,Aston Martin,118,6,3,75,50,62,14,Interlagos,15
97,Michel Louis,France,McLaren,151,7,5,55,31,57,16,Red Bull Ring,14
98,Xavier Collin-Simon,France,Aston Martin,235,11,6,49,56,76,12,Albert Park,19
99,Jose Ferrero,Spain,Ferrari,126,6,1,53,23,81,14,Interlagos,10
100,Juhani Koskela-Nylund,Finland,Alpine,56,3,4,67,49,59,14,Marina Bay,15
101,David Miller,United States,Aston Martin,113,6,7,62,22,65,8,Imola,17
102,Lorraine Martin,Great Britain,McLaren,146,7,6,84,45,43,15,Autodromo Hermanos Rodriguez,18
103,Domenico Bernetti-Cesarotti,Italy,McLaren,181,9,3,72,36,70,14,Baku City Circuit,16
104,Piersanti Bernetti,Italy,Aston Martin,159,8,4,53,38,74,10,Suzuka Circuit,14
105,Kayleigh Roberts-Hall,Great Britain,Alpine,160,8,4,70,19,55,13,Autodromo Hermanos Rodriguez,16
106,Kristian Turunen,Finland,Alfa Romeo,166,8,4,53,72,74,13,Red Bull Ring,15
107,Douglas Hayward-Patel,Great Britain,Haas,262,12,2,84,27,88,11,Paul Ricard,12
108,Marc Morin,France,Alfa Romeo,151,7,6,92,32,77,14,Paul Ricard,17
109,Fredy Siering,Germany,Ferrari,203,10,4,81,57,60,14,Autodromo Hermanos Rodriguez,16
110,Maria Nicholls-Ali,Great Britain,McLaren,195,9,4,73,12,60,7,Circuit of The Americas,14
111,Sante Versace-Palumbo,Italy,McLaren,173,8,3,81,21,61,15,Marina Bay,14
112,Judith Norton-Hutchinson,Great Britain,AlphaTauri,128,6,3,59,45,90,11,Circuit of The Americas,13
113,Stacey Johnson,Great Britain,Ferrari,213,10,3,87,47,77,12,Suzuka Circuit,15
114,Robin Smith-Dickinson,Great Britain,AlphaTauri,151,7,3,54,9,69,10,Marina Bay,9
115,Jacques Lenoir-Pineau,France,Alfa Romeo,148,7,5,84,60,66,7,Jeddah Corniche Circuit,17
116,Herr Hermann Josef Ring B.A.,Germany,Ferrari,128,6,3,69,36,59,11,Autodromo Hermanos Rodriguez,13
117,Stanley Wilson,Great Britain,Ferrari,87,4,3,79,56,61,9,Circuit Zandvoort,13
118,Costanzo Turchi,Italy,AlphaTauri,194,9,3,69,48,72,11,Circuit Zandvoort,14
119,Cameron Bailey,Great Britain,AlphaTauri,192,9,5,60,48,65,15,Circuit de Spa-Francorchamps,15
120,William Robinson,United States,McLaren,159,8,3,59,50,55,10,Paul Ricard,13
121,Robert Gros,France,AlphaTauri,140,7,5,39,36,69,12,Hungaroring,12
122,Lydia Ford,Great Britain,Aston Martin,169,8,4,58,43,76,15,Interlagos,16
123,Alexandra James-Barlow,Great Britain,Alfa Romeo,166,8,4,70,36,64,8,Baku City Circuit,14
124,Sandalio Ropero Valverde,Spain,Alfa Romeo,90,5,4,77,34,77,12,Hungaroring,15
125,Elladio Cusano,Italy,Alpine,86,4,3,50,55,63,9,Paul Ricard,14
126,Edward Jones,Australia,Alfa Romeo,182,9,6,54,24,54,14,Red Bull Ring,13
127,Jake Bell,Great Britain,AlphaTauri,149,7,5,84,54,66,12,Imola,17
128,Carol West,Great Britain,McLaren,87,4,4,82,42,56,10,Autodromo Hermanos Rodriguez,15
129,Jay Bradford,United States,Ferrari,155,8,3,81,53,71,16,Jeddah Corniche Circuit,15
130,Jordi Zaragoza Mármol,Spain,Aston Martin,148,7,4,62,50,65,9,Autodromo Hermanos Rodriguez,16
131,Donald Evans,Great Britain,Ferrari,122,6,3,50,46,60,17,Paul Ricard,12
132,Antero Laakkonen,Finland,Alfa Romeo,188,9,2,50,46,86,16,Suzuka Circuit,12
133,Elliott Evans,Great Britain,AlphaTauri,158,8,4,70,26,63,19,Baku City Circuit,13
134,William Michael,United States,Aston Martin,215,10,6,54,18,48,15,Marina Bay,15
135,Fausto Vives Andrés,Spain,Ferrari,160,8,2,45,27,60,16,Red Bull Ring,10
136,Joan Vilaplana Español,Spain,Ferrari,234,11,4,77,40,74,16,Autodromo Hermanos Rodriguez,16
137,Alfred Dumont,France,Ferrari,181,9,5,62,31,71,16,Paul Ricard,15
138,Fedde Sanders,Netherlands,Williams,59,3,4,40,18,79,13,Circuit Zandvoort,9
139,Piergiuseppe Casalodi,Italy,Ferrari,219,10,3,57,46,80,12,Imola,14
140,Ryan O'Neill,Great Britain,Alfa Romeo,136,7,6,45,44,60,17,Autodromo Hermanos Rodriguez,14
141,Maureen Johnson-Davies,Great Britain,McLaren,211,10,5,67,49,68,11,Paul Ricard,17
142,Lynda Brennan,Great Britain,Mercedes,215,10,3,58,41,42,12,Albert Park,14
143,Pierangelo Pacomio,Italy,McLaren,126,6,2,62,73,64,13,Interlagos,15
144,Bruce Hernandez,Australia,Ferrari,138,7,5,82,57,55,10,Marina Bay,16
145,Bethany Leach,Great Britain,Ferrari,207,10,3,56,18,54,16,Interlagos,11
146,Plinio Benavent Lerma,Spain,AlphaTauri,197,9,2,59,32,73,13,Baku City Circuit,11
147,Dr Janice Clarke,Great Britain,Williams,161,8,4,62,42,69,11,Interlagos,11
148,Mr Glenn Williams,Great Britain,Ferrari,143,7,4,77,32,47,16,Albert Park,14
149,Artturi Alatalo,Finland,Alfa Romeo,180,9,5,81,42,47,10,Autódromo José Carlos Pace,14
150,Michael Baker,Australia,Alfa Romeo,109,5,4,66,39,49,12,Autódromo José Carlos Pace,13
151,Chelsea Hope,Great Britain,Alpine,158,8,3,74,51,59,14,Albert Park,16
152,Patrick Richardson,Great Britain,Aston Martin,269,13,4,90,30,55,9,Autodromo Hermanos Rodriguez,17
153,Felipe Figueras-Garriga,Spain,Ferrari,103,5,3,82,47,57,14,Imola,15
154,Owen Harrison,Great Britain,McLaren,159,8,6,51,43,72,6,Circuit of The Americas,16
155,Lot van Schevinghuizen,Netherlands,Alfa Romeo,158,8,3,58,55,65,18,Interlagos,12
156,Petri Valkonen-Ranta,Finland,Aston Martin,166,8,4,44,53,73,12,Interlagos,16
157,Thomas Besson,France,Aston Martin,167,8,3,79,53,74,14,Red Bull Ring,17
158,James Mendoza,Australia,McLaren,198,9,4,76,49,58,14,Marina Bay,17
159,Piersanti Canil,Italy,McLaren,109,5,6,57,49,65,8,Circuit Gilles Villeneuve,15
160,Bryan Hamilton,United States,Aston Martin,122,6,4,66,26,85,9,Circuit Zandvoort,15
161,Alberico Agostini,Italy,AlphaTauri,238,11,2,73,39,56,13,Paul Ricard,11
162,Kim Jarvis,Great Britain,AlphaTauri,178,9,4,78,58,58,14,Circuit Zandvoort,14
163,Andrey Gutknecht-Kambs,Germany,Aston Martin,154,7,4,66,26,67,11,Albert Park,15
164,Milou van Ginneke,Netherlands,McLaren,189,9,4,59,60,82,14,Marina Bay,17
165,William Adler-Jungfer,Germany,Mercedes,202,10,4,86,27,74,9,Jeddah Corniche Circuit,17
166,Aldo Salvo-Lombardi,Italy,AlphaTauri,214,10,3,75,50,67,17,Bahrain International Circuit,14
167,Gianpietro Desio,Italy,Alpine,223,11,6,58,43,72,15,Autódromo José Carlos Pace,19
168,Dott. Giuseppe Ossani,Italy,Alpine,153,7,3,85,32,77,13,Autodromo Hermanos Rodriguez,16
169,Dr Stuart Lowe,Great Britain,Alfa Romeo,141,7,3,46,41,53,11,Marina Bay,10
170,Léon Roger,France,Aston Martin,86,4,3,54,53,67,13,Marina Bay,14
171,Katie Walker,Great Britain,McLaren,212,10,4,81,37,53,14,Marina Bay,15
172,Mrs Carolyn Flynn,Great Britain,Alfa Romeo,263,12,5,55,41,92,16,Interlagos,15
173,Mr Marc Jones,Great Britain,McLaren,121,6,2,49,44,69,12,Marina Bay,11
174,Tapani Väänänen,Finland,Alfa Romeo,208,10,4,71,38,55,13,Autodromo Hermanos Rodriguez,14
175,Narciso Doménech Amador,Spain,McLaren,223,11,3,71,44,85,19,Circuit Zandvoort,16
176,Kalevi Ojala,Finland,Ferrari,175,8,3,72,19,50,13,Interlagos,13
177,Mr Alan Mason,Great Britain,Ferrari,103,5,4,57,46,74,13,Circuit of The Americas,13
178,Jennifer Singh,Great Britain,Ferrari,101,5,4,74,11,48,16,Red Bull Ring,12
179,Gioffre Comisso,Italy,Ferrari,63,3,5,58,29,80,10,Paul Ricard,15
180,Lucio Papetti,Italy,Ferrari,209,10,4,72,50,52,12,Marina Bay,15
181,Mrs Chloe Miller,Great Britain,Ferrari,122,6,5,69,52,83,13,Albert Park,18
182,Jason Weiss,Australia,Ferrari,103,5,3,67,57,72,15,Interlagos,15
183,Sakari Lindgren-Ikonen,Finland,Haas,157,8,3,53,42,62,8,Paul Ricard,9
184,Joseph Mason,United States,Ferrari,76,4,6,84,37,63,13,Suzuka Circuit,16
185,Dott. Domenico Santi,Italy,Aston Martin,68,4,5,67,44,58,12,Marina Bay,15
186,Daniel Núñez Castejón,Spain,McLaren,268,13,4,41,29,60,11,Red Bull Ring,13
187,Howard Macdonald,Great Britain,Alfa Romeo,185,9,3,70,51,71,8,Circuit Zandvoort,13
188,Dr Billy Webb,Great Britain,McLaren,156,8,3,65,38,58,11,Jeddah Corniche Circuit,14
189,Dr Neil Fletcher,Great Britain,McLaren,163,8,4,74,60,87,13,Interlagos,18
190,Ettore Pagliaro,Italy,Alfa Romeo,185,9,4,77,20,69,14,24,15
191,Alessandro Lerner,Italy,Alfa Romeo,196,9,4,74,15,90,9,Albert Park,14
192,Dr Hugh Chamberlain,Great Britain,Ferrari,211,10,4,63,41,74,12,Albert Park,15
193,Justin Soto,United States,Alfa Romeo,206,10,6,66,47,54,9,Circuit of The Americas,16
194,Jérôme Guibert du Pottier,France,Alpine,80,4,4,76,57,83,12,Circuit of The Americas,19
195,Noël Coulon,France,Ferrari,115,6,5,85,51,72,12,Circuit Zandvoort,18
196,Sally Wells,Great Britain,AlphaTauri,204,10,5,69,24,52,9,Circuit of The Americas,12
197,Tracey Andrews,Great Britain,Alfa Romeo,172,8,2,64,41,81,10,Interlagos,12
198,Amélie die Bont,Netherlands,McLaren,126,6,4,76,25,62,16,Imola,14
199,Kayleigh Holland-Barton,Great Britain,Alfa Romeo,166,8,4,73,20,76,8,Circuit of The Americas,15
200,Rebecca Robertson,Great Britain,Ferrari,182,9,4,62,44,39,17,Albert Park,13
201,Linn van den Oever-Kleybrink,Netherlands,Alfa Romeo,199,10,4,57,61,51,14,Suzuka Circuit,14
202,Fausto del Torrecilla,Spain,AlphaTauri,177,9,4,67,42,56,8,Autodromo Hermanos Rodriguez,13
203,Annemijn Wipstrik,Netherlands,Ferrari,96,5,5,60,38,30,13,Paul Ricard,12
204,Leigh Vaughan,Great Britain,Aston Martin,169,8,4,57,46,48,15,Marina Bay,15
205,Raimo Koivisto,Finland,Aston Martin,184,9,3,60,39,65,16,Interlagos,14
206,Alfredo Salieri-Scotto,Italy,Ferrari,150,7,3,77,44,57,9,Circuit Zandvoort,13
207,Peter Malinen,Finland,Ferrari,134,7,4,62,38,58,13,Circuit of The Americas,13
208,Lee Armstrong,Great Britain,McLaren,215,10,4,71,50,70,16,Hungaroring,16
209,Sebastiano Lovato,Italy,McLaren,100,5,0,72,30,69,9,Paul Ricard,11
210,Dr Lawrence Lawson,Great Britain,McLaren,123,6,4,42,33,80,7,Interlagos,13
211,Lesley Walton,Great Britain,AlphaTauri,201,10,4,64,35,76,15,Imola,13
212,Filippo Botticelli-Micca,Italy,Ferrari,265,13,4,71,43,60,10,Circuit of The Americas,15
213,Pierluigi Lombardo-Bergoglio,Italy,Williams,158,8,2,30,62,44,11,Autodromo Hermanos Rodriguez,8
214,Pekka Anttila-Hakala,Finland,AlphaTauri,202,10,3,68,48,81,10,Miami International Autodrome,13
215,Gioele Garrone,Italy,McLaren,140,7,6,61,40,63,13,Interlagos,16
216,Tyler Lester,Australia,Ferrari,171,8,4,68,53,62,16,Hungaroring,16
217,Sten van Santen,Netherlands,Alpine,46,3,7,82,40,88,15,Miami International Autodrome,20
218,Emily Stuivenberg,Netherlands,AlphaTauri,140,7,2,57,33,77,13,Baku City Circuit,11
219,Marcello Faugno,Italy,Ferrari,203,10,3,60,41,64,9,Jeddah Corniche Circuit,14
220,Mathew Lewis,Great Britain,Alfa Romeo,112,6,3,60,29,68,16,Red Bull Ring,12
221,Claudio Caetani,Italy,AlphaTauri,156,8,4,69,29,85,13,Red Bull Ring,14
222,Charlene Lewis,Great Britain,Alfa Romeo,201,10,3,60,31,79,12,Marina Bay,14
223,Jeff Benson,United States,Ferrari,98,5,4,68,43,69,7,Imola,15
224,Reyes Sureda Somoza,Spain,AlphaTauri,109,5,4,61,29,52,12,Suzuka Circuit,10
225,Hannu Heikkinen-Välimäki,Finland,Alfa Romeo,153,7,5,70,52,75,12,Suzuka Circuit,17
226,Dr Samantha Davies,Great Britain,Alpine,137,7,3,69,56,57,14,Suzuka Circuit,17
227,Arnulfo Bompiani-Ortese,Italy,Alfa Romeo,134,7,3,62,42,73,11,Marina Bay,14
228,Aimé Marques,France,AlphaTauri,221,11,4,52,29,77,13,Interlagos,12
229,Nicolas Bègue,France,AlphaTauri,197,9,4,71,60,41,15,Circuit de Monaco,14
230,Dr Robert Cox,Great Britain,Alfa Romeo,168,8,8,70,33,70,16,Jeddah Corniche Circuit,17
231,Ciro Almagià-Turchetta,Italy,Ferrari,213,10,4,78,32,65,11,Circuit of The Americas,15
232,Catherine Gill,Great Britain,Alfa Romeo,98,5,3,51,33,80,11,Autódromo José Carlos Pace,11
233,Stephanie Pollard,Great Britain,McLaren,186,9,3,78,38,65,15,Imola,16
234,Hellmut Rosenow,Germany,Alfa Romeo,193,9,5,62,28,65,11,Circuit of The Americas,14
235,Édouard Lefèvre,France,Ferrari,131,6,4,68,29,64,15,Red Bull Ring,14
236,Ms Ruth Hicks,Great Britain,Alfa Romeo,105,5,2,72,63,87,10,Paul Ricard,13
237,Lara Dekker,Netherlands,Ferrari,166,8,5,57,44,79,7,Miami International Autodrome,15
238,Christian Hartley,Great Britain,Ferrari,142,7,4,78,47,73,8,Marina Bay,15
239,René Junitz B.Sc.,Germany,Aston Martin,162,8,3,49,25,64,9,Circuit of The Americas,13
240,Vincent Bourgeois,France,Ferrari,130,6,1,68,30,70,13,Circuit Zandvoort,12
241,Eetu Hiltunen,Finland,Alfa Romeo,145,7,5,54,35,66,11,Interlagos,13
242,Édouard Ramos,France,McLaren,216,10,3,54,39,57,15,Albert Park,13
243,Carolyn Bond,Great Britain,AlphaTauri,141,7,4,74,46,74,10,Paul Ricard,13
244,Mr Frederick Leach,Great Britain,Aston Martin,231,11,4,70,31,56,11,Autodromo Hermanos Rodriguez,16
245,Michail Stumpf,Germany,Ferrari,274,13,2,68,34,64,10,Red Bull Ring,12
246,Ernesto Fabbri-Satriani,Italy,McLaren,183,9,3,42,46,71,13,Suzuka Circuit,14
247,Gaspare Flaiano,Italy,McLaren,105,5,5,88,90,58,14,Red Bull Ring,19
248,Mrs Tina Johnson,Great Britain,McLaren,169,8,3,58,17,83,8,Red Bull Ring,14
249,George Matthews-Hunt,Great Britain,McLaren,188,9,5,54,72,57,10,Imola,17
250,Craig Mitchell-Davey,Great Britain,Ferrari,174,8,5,73,39,75,13,Albert Park,16
251,Bartolomeo Giacometti-Palazzo,Italy,Ferrari,153,7,5,53,33,79,8,Interlagos,14
252,Dr Janet King,Great Britain,AlphaTauri,164,8,3,63,50,87,15,Circuit of The Americas,14
253,Mrs Harriet Long,Great Britain,AlphaTauri,89,5,4,60,54,56,8,Imola,12
254,Sig. Geronimo Alighieri,Italy,Ferrari,113,6,2,42,32,62,14,Circuit of The Americas,9
255,Reyes Castilla Duran,Spain,Alfa Romeo,141,7,6,68,43,65,16,Autodromo Hermanos Rodriguez,17
256,Sabas de Quintanilla,Spain,Ferrari,92,5,4,68,16,62,9,Suzuka Circuit,13
257,Timothy Bowen,Great Britain,AlphaTauri,257,12,4,68,34,63,15,Circuit Zandvoort,14
258,Mark Ellis,United States,Alfa Romeo,188,9,7,64,42,76,12,Autódromo José Carlos Pace,17
259,Matthew Thompson,Australia,Alpine,215,10,7,55,36,76,13,Autodromo Hermanos Rodriguez,19
260,Stephen Rogers,United States,AlphaTauri,141,7,6,51,38,58,14,Interlagos,14
261,Elmo Treves,Italy,McLaren,146,7,4,78,54,67,14,Imola,17
262,Mr Rhys Murphy,Great Britain,Alfa Romeo,121,6,5,68,47,71,14,Paul Ricard,15
263,Michel de Garnier,France,McLaren,190,9,6,86,10,57,17,Circuit Zandvoort,15
264,Dr Kirsty Davidson,Great Britain,Aston Martin,169,8,4,67,53,77,10,Circuit Gilles Villeneuve,16
265,Samuel Penttinen,Finland,AlphaTauri,158,8,5,75,41,60,12,Suzuka Circuit,14
266,Dr Guy Turner,Great Britain,McLaren,187,9,4,70,39,78,14,Circuit of The Americas,17
267,Ilmari Leino,Finland,Ferrari,186,9,4,57,56,60,13,Suzuka Circuit,15
268,Michele Pizzo,Italy,Ferrari,106,5,6,43,59,58,19,Albert Park,13
269,Philip Browne,Great Britain,Alfa Romeo,91,5,4,86,56,80,13,Marina Bay,16
270,Marcel-Adrien Berger,France,McLaren,169,8,5,66,50,73,15,Autodromo Hermanos Rodriguez,17
271,Hidde van Beaumont-Shupe,Netherlands,AlphaTauri,167,8,2,79,24,55,10,Circuit Zandvoort,11
272,Dr. Hans-Heinrich Hofmann B.Sc.,Germany,Aston Martin,174,8,2,58,58,62,11,Autodromo Hermanos Rodriguez,16
273,Anthony Hanna,United States,Alfa Romeo,154,7,3,69,47,52,13,Red Bull Ring,13
274,Kari Nieminen-Lehto,Finland,Alfa Romeo,150,7,3,80,16,59,16,Imola,12
275,Gerald Mitchell,Great Britain,McLaren,129,6,3,69,23,52,17,Interlagos,13
276,Pekka Toivonen,Finland,Ferrari,172,8,2,61,48,85,14,Paul Ricard,13
277,Lucio Pigafetta,Italy,AlphaTauri,135,7,2,59,52,66,12,Autodromo Hermanos Rodriguez,11
278,Bruno Múñiz Sanabria,Spain,Aston Martin,212,10,3,72,48,59,14,Imola,16
279,Petri Jääskeläinen-Sjöblom,Finland,Ferrari,82,4,2,67,42,61,13,Suzuka Circuit,12
280,Carlo Rubbia,Italy,Ferrari,190,9,5,54,51,67,14,Circuit Zandvoort,16
281,Heather Jenkins,Great Britain,Aston Martin,162,8,2,78,44,78,14,Interlagos,16
282,Jérôme Maury,France,Ferrari,183,9,5,73,25,47,16,Circuit of The Americas,14
283,Éric-Pierre Grenier,France,Alpine,154,7,4,51,42,87,11,Circuit Gilles Villeneuve,17
284,Thierry Renault de Boucher,France,Ferrari,202,10,5,77,59,51,15,Red Bull Ring,17
285,Peter Thomas,Great Britain,Alfa Romeo,167,8,5,70,31,77,11,Circuit of The Americas,14
286,Sig. Venancio Ruggieri,Italy,AlphaTauri,233,11,4,60,45,51,14,Circuit Gilles Villeneuve,14
287,Ignacio García Frutos,Spain,Alpine,173,8,4,61,55,100,12,Marina Bay,19
288,Ize de Groot,Netherlands,Alfa Romeo,164,8,5,57,28,76,13,Paul Ricard,13
289,Aldo Greggio,Italy,Aston Martin,103,5,3,83,40,83,14,Imola,17
290,Jaakko Järvi-Turunen,Finland,Aston Martin,101,5,3,53,19,77,12,Imola,14
291,Guglielmo Pascarella,Italy,McLaren,213,10,3,45,54,71,14,Circuit de Spa-Francorchamps,14
292,Étienne Joseph-Coste,France,Aston Martin,146,7,1,38,16,63,10,Baku City Circuit,10
293,Mr Matthew Dickinson,Great Britain,Alfa Romeo,73,4,5,85,47,64,9,Paul Ricard,15
294,Tapani Kaikkonen,Finland,McLaren,170,8,5,81,38,80,11,Imola,18
295,Frank Coleman,Great Britain,McLaren,122,6,4,66,44,75,11,Suzuka Circuit,15
296,Albert Baeza Carmona,Spain,AlphaTauri,165,8,5,50,43,82,14,Autódromo José Carlos Pace,14
297,Hugh Fletcher-Cole,Great Britain,AlphaTauri,178,9,6,62,24,74,18,Interlagos,15
298,Elladio Sagese,Italy,McLaren,152,7,5,62,60,62,8,Autodromo Hermanos Rodriguez,17
299,Pekka Hakkarainen,Finland,Ferrari,244,12,6,71,39,71,15,Marina Bay,17
300,Shawn Thomas,Australia,Ferrari,200,10,5,65,43,74,11,Autodromo Hermanos Rodriguez,16
301,Ryan Brewer,United States,Alfa Romeo,102,5,5,55,35,78,7,Interlagos,13
302,Micheletto Monte,Italy,McLaren,210,10,5,53,53,52,15,Interlagos,16
303,Adalberto Quero Pintor,Spain,McLaren,250,12,1,71,36,71,13,Autodromo Hermanos Rodriguez,14
304,Ms Katherine Atkins,Great Britain,Ferrari,218,10,5,72,44,80,10,Autodromo Hermanos Rodriguez,18
305,Gareth Richards-Sheppard,Great Britain,Ferrari,122,6,3,82,44,59,11,Baku City Circuit,15
306,Roman Proietti,Italy,Ferrari,175,8,4,63,35,62,12,Albert Park,13
307,Holly Clements,Great Britain,McLaren,204,10,4,40,45,63,14,Suzuka Circuit,14
308,Dr Alice Nelson,Great Britain,Aston Martin,207,10,2,61,70,60,14,Circuit of The Americas,15
309,Edelmiro Arcos Mas,Spain,McLaren,223,11,3,50,47,70,9,Marina Bay,14
310,Stephen Jordan,Australia,AlphaTauri,92,5,5,53,29,80,11,Paul Ricard,12
311,Mrs Holly Griffin,Great Britain,Aston Martin,42,2,3,76,32,75,10,Albert Park,14
312,Maurice Gautier,France,Aston Martin,209,10,3,68,60,83,7,Circuit of The Americas,17
313,Tuomas Oksanen,Finland,Alfa Romeo,147,7,2,95,32,54,14,Imola,12
314,Pasi Lindström,Finland,Williams,192,9,4,80,63,67,11,Circuit Zandvoort,15
315,Scott Carter,Australia,Alfa Romeo,87,4,4,70,56,80,10,Circuit de Spa-Francorchamps,13
316,Miss Hollie Smith,Great Britain,Alfa Romeo,162,8,3,54,47,59,13,Paul Ricard,11
317,Ensio Rytkönen-Kosonen,Finland,AlphaTauri,236,11,4,73,36,64,16,Hungaroring,14
318,Andrew Anderson,Great Britain,Aston Martin,179,9,4,62,25,83,14,Autodromo Hermanos Rodriguez,15
319,Maik Heß,Germany,Alpine,102,5,3,63,45,55,16,Red Bull Ring,14
320,Natalie Newman,Great Britain,Alpine,155,8,3,67,51,81,14,Circuit of The Americas,16
321,Miss Rita Singh,Great Britain,Ferrari,107,5,3,81,30,66,14,Circuit Zandvoort,14
322,Miss Joanne Page,Great Britain,Ferrari,192,9,5,75,58,87,10,Albert Park,17
323,Benoît Le Goff,France,McLaren,172,8,2,57,64,75,8,Interlagos,14
324,Ronald Mason,Australia,McLaren,206,10,3,89,35,58,13,Circuit of The Americas,16
325,Juan Manuel del Montero,Spain,AlphaTauri,180,9,5,82,38,74,11,Albert Park,14
326,Eerik Peltoniemi,Finland,Aston Martin,68,4,3,65,25,85,12,Circuit of The Americas,14
327,Tapio Jaakkola,Finland,Alfa Romeo,90,5,3,51,50,69,10,Red Bull Ring,10
328,Porfirio Luján Zamorano,Spain,Alfa Romeo,176,8,3,73,24,56,17,Suzuka Circuit,12
329,Rebecca Parker,Great Britain,Aston Martin,210,10,2,63,54,64,14,Autódromo José Carlos Pace,16
330,Aki Lindroos,Finland,Alfa Romeo,149,7,3,51,51,83,15,Bahrain International Circuit,13
331,Georgina Johnson,Great Britain,AlphaTauri,235,11,3,66,33,88,11,Paul Ricard,13
332,Cato David,Netherlands,McLaren,195,9,5,49,41,57,10,Suzuka Circuit,16
333,Dr Laura Russell,Great Britain,McLaren,202,10,3,49,14,77,14,Circuit de Monaco,13
334,Olavi Tanskanen-Niskanen,Finland,Alfa Romeo,132,6,4,78,53,68,12,Suzuka Circuit,15
335,Melanie Smith,Great Britain,Alfa Romeo,174,8,4,72,50,83,15,Interlagos,17
336,Randall Pratt,Australia,McLaren,211,10,2,89,51,72,12,Marina Bay,17
337,Liberto Tommaseo-Delle,Italy,Aston Martin,196,9,3,65,35,48,12,Suzuka Circuit,14
338,Dr Ruth Thomas,Great Britain,Alfa Romeo,117,6,5,81,50,70,11,Circuit Gilles Villeneuve,16
339,Agostino Mimun,Italy,Aston Martin,110,5,2,63,54,70,14,Jeddah Corniche Circuit,14
340,Eino Tamminen,Finland,Ferrari,167,8,6,77,36,64,15,Interlagos,17
341,Telemaco Bova,Italy,Ferrari,140,7,3,68,55,67,15,Hungaroring,14
342,Charles White,Great Britain,McLaren,180,9,5,54,63,57,14,Red Bull Ring,16
343,Marc Rémy-Dos Santos,France,Williams,194,9,6,51,40,68,9,Circuit Zandvoort,14
344,Ing. Gundolf Tschentscher,Germany,Alfa Romeo,156,8,4,60,60,58,15,Interlagos,14
345,Thomas-Noël Vasseur,France,Alfa Romeo,214,10,4,49,51,55,15,Marina Bay,13
346,Justin Edwards,Great Britain,Aston Martin,214,10,3,71,53,91,14,Baku City Circuit,18
347,Aaron Bauer,United States,AlphaTauri,206,10,5,53,53,81,10,Circuit of The Americas,14
348,Tapani Koskinen,Finland,Alfa Romeo,144,7,5,81,45,95,15,Circuit Zandvoort,18
349,Lindsey Walton,Great Britain,AlphaTauri,143,7,2,75,41,73,15,Marina Bay,13
350,Matías de Blanch,Spain,Aston Martin,126,6,3,81,46,61,14,Circuit of The Americas,16
351,Ms Debra Morris,Great Britain,Ferrari,164,8,3,58,36,57,13,Circuit de Spa-Francorchamps,12
352,Pompeo Pasolini,Italy,Ferrari,141,7,5,53,50,79,11,Jeddah Corniche Circuit,16
353,Mr Keith Ford,Great Britain,Alfa Romeo,211,10,6,81,19,68,15,Baku City Circuit,16
354,Alan Bennett,Great Britain,Ferrari,111,6,5,66,40,49,12,Suzuka Circuit,13
355,Mr Leslie Davies,Great Britain,Aston Martin,99,5,4,62,60,62,9,Marina Bay,15
356,Olavi Kauppinen,Finland,McLaren,138,7,5,55,24,74,14,Albert Park,14
357,Sharon Campbell,Great Britain,Alfa Romeo,206,10,5,87,31,74,12,Marina Bay,17
358,Emily Gill,Great Britain,Alfa Romeo,190,9,4,54,50,57,16,Circuit of The Americas,13
359,Michael Cooper,Australia,Alpine,162,8,4,82,46,58,18,Marina Bay,17
360,Dr Gary Brown,Great Britain,McLaren,153,7,4,76,29,58,15,Circuit de Monaco,15
361,Donatello Galtarossa,Italy,Ferrari,156,8,4,64,44,62,12,Jeddah Corniche Circuit,14
362,Juhani Latvala-Kinnunen,Finland,AlphaTauri,241,11,4,50,34,85,13,Imola,12
363,Jordan Walton,Great Britain,McLaren,183,9,5,72,33,64,13,Circuit of The Americas,17
364,Pauline Baker-Russell,Great Britain,Ferrari,206,10,4,60,39,66,16,Circuit Zandvoort,14
365,Hermenegildo Montaña Lobo,Spain,Alpine,133,7,4,81,53,47,11,Suzuka Circuit,17
366,Sheila Perry-Wilkins,Great Britain,Ferrari,169,8,3,69,28,48,11,Bahrain International Circuit,13
367,Paul Reed,Great Britain,Ferrari,150,7,5,73,66,64,16,Bahrain International Circuit,18
368,Ms Maria Roberts,Great Britain,McLaren,172,8,2,80,26,69,12,Circuit of The Americas,13
369,Leonard Edwards,Great Britain,Alpine,132,6,4,57,46,72,9,Interlagos,16
370,Gilles Bonneau,France,Ferrari,155,8,6,77,53,61,14,Circuit of The Americas,17
371,Taneli Saarinen-Koski,Finland,McLaren,149,7,2,56,35,70,10,Circuit Zandvoort,12
372,Joshua Khan,Great Britain,Alfa Romeo,183,9,3,61,49,69,17,Paul Ricard,14
373,Robert Duval,France,Alfa Romeo,194,9,3,80,17,61,12,Circuit Zandvoort,12
374,Dr Gail Todd,Great Britain,McLaren,234,11,5,77,27,75,9,Autodromo Hermanos Rodriguez,18
375,Dipl.-Ing. Stanislaus Ditschlerin B.Eng.,Germany,Haas,147,7,4,41,44,66,14,Imola,10
376,Darren Williams,Great Britain,AlphaTauri,157,8,5,70,47,51,5,Marina Bay,13
377,Dott. Marcello Giannotti,Italy,Alfa Romeo,177,9,4,80,66,84,13,Jeddah Corniche Circuit,17
378,Phillip Hicks,United States,Ferrari,219,10,3,65,50,54,12,Suzuka Circuit,14
379,Ms Rosie Young,Great Britain,McLaren,189,9,5,74,38,62,16,Circuit of The Americas,15
380,Piersanti Zampa-Marini,Italy,Ferrari,194,9,5,73,38,46,8,Red Bull Ring,15
381,Danielle Watson-Thompson,Great Britain,Alpine,186,9,4,62,40,77,16,Paul Ricard,17
382,Dr Mohammad Barnes,Great Britain,McLaren,97,5,4,73,53,60,9,Bahrain International Circuit,16
383,Dr Joanne Hewitt,Great Britain,Ferrari,161,8,3,86,28,66,15,Marina Bay,14
384,Dr Donald Walker,Great Britain,AlphaTauri,187,9,3,76,42,66,12,Baku City Circuit,12
385,Callum Bird-Ashton,Great Britain,Ferrari,98,5,3,52,24,58,12,Imola,11
386,Gilbert-Thibaut Blot,France,McLaren,137,7,3,48,18,36,13,Interlagos,9
387,Elliott Lee,Great Britain,Ferrari,279,13,5,65,23,64,17,Circuit of The Americas,15
388,Luc Leconte-Chartier,France,AlphaTauri,170,8,1,61,43,63,13,Marina Bay,10
389,Thomas Walton,Great Britain,McLaren,193,9,4,65,30,71,13,Circuit Zandvoort,16
390,Kalervo Makkonen,Finland,Williams,160,8,3,80,22,48,16,Red Bull Ring,11
391,Philip de Bruyn,Netherlands,Ferrari,115,6,4,36,32,67,14,Red Bull Ring,12
392,Lawrence Newton-Morrison,Great Britain,Alfa Romeo,85,4,4,75,40,72,11,Circuit of The Americas,13
393,Dr Nicholas Doyle,Great Britain,Ferrari,151,7,5,58,27,67,8,Circuit Gilles Villeneuve,14
394,Mr Jacob Cameron,Great Britain,McLaren,221,11,4,60,33,68,15,Circuit of The Americas,15
395,Maurice Fontaine de la Alexandre,France,Aston Martin,169,8,5,80,31,56,12,Marina Bay,18
396,Luis Ángel Jordán Enríquez,Spain,McLaren,148,7,4,66,61,84,15,Circuit of The Americas,16
397,Christian Schaaf,Germany,Williams,95,5,5,85,29,86,13,Baku City Circuit,15
398,Enzio Muti-Branciforte,Italy,McLaren,216,10,3,78,40,63,12,Circuit of The Americas,15
399,Douglas Higgins,Australia,Alfa Romeo,137,7,5,79,38,35,10,Circuit Gilles Villeneuve,14
400,Melchor Montalbán-Fajardo,Spain,Ferrari,210,10,4,50,48,64,15,Circuit Zandvoort,14
401,Ruth O'Sullivan-Stevens,Great Britain,Alfa Romeo,136,7,5,87,75,75,12,Circuit of The Americas,18
402,Osvaldo de Almagro,Spain,Aston Martin,147,7,3,59,42,88,13,Marina Bay,16
403,Fortunato Raya Recio,Spain,McLaren,155,8,2,47,20,62,10,Baku City Circuit,11
404,David White,Australia,Williams,137,7,4,60,36,78,11,Circuit of The Americas,12
405,Saverio Baresi,Italy,Ferrari,145,7,3,53,36,81,10,Albert Park,13
406,Marcel David,France,Alpine,223,11,4,75,44,54,12,Circuit of The Americas,18
407,Mr Justin Price,Great Britain,Ferrari,129,6,5,37,33,73,9,Autodromo Hermanos Rodriguez,13
408,Camillo Offredi,Italy,Ferrari,183,9,3,61,43,75,11,Paul Ricard,14
409,Holly Begum,Great Britain,Mercedes,151,7,5,68,26,51,12,Red Bull Ring,15
410,Coriolano Bondumier,Italy,Aston Martin,119,6,3,85,49,53,16,Bahrain International Circuit,16
411,Sylvie Ghoerle,Netherlands,Aston Martin,225,11,3,59,33,80,15,Jeddah Corniche Circuit,15
412,Keith Adkins,Australia,Ferrari,169,8,6,72,43,65,11,Marina Bay,17
413,Sophie Francis,Great Britain,Ferrari,147,7,3,70,55,71,17,Interlagos,16
414,Kathryn Naylor,Great Britain,Williams,117,6,4,69,62,53,14,Circuit de Monaco,13
415,Lauri Järvenpää,Finland,Aston Martin,79,4,4,61,67,75,12,Interlagos,16
416,Cecilio Saavedra Riba,Spain,Aston Martin,75,4,3,70,19,65,14,Paul Ricard,13
417,Prof. Ekkehart Söding B.Eng.,Germany,McLaren,224,11,4,48,22,70,15,Red Bull Ring,14
418,Pierangelo Vigorelli,Italy,Ferrari,157,8,3,61,56,43,9,Imola,14
419,Thomas Lévy,France,Aston Martin,200,10,4,63,38,85,15,Suzuka Circuit,16
420,Lotte van der Laar,Netherlands,Ferrari,172,8,5,70,63,74,10,Suzuka Circuit,17
421,Marian Stanley,Great Britain,Alfa Romeo,134,7,3,65,12,71,11,Autodromo Hermanos Rodriguez,11
422,Juan Pablo Rivas Santamaría,Spain,Alfa Romeo,144,7,3,60,36,64,16,Imola,11
423,Giacinto Muratori,Italy,Alfa Romeo,159,8,6,56,47,65,9,Circuit Zandvoort,14
424,Ricciotti Manacorda,Italy,Alfa Romeo,147,7,4,44,39,82,11,Imola,11
425,Benigno Torres Quintero,Spain,McLaren,122,6,3,53,32,62,12,Interlagos,12
426,Väinö Jääskeläinen,Finland,Alfa Romeo,197,9,5,40,47,71,10,Interlagos,13
427,Amanda Francis,Great Britain,Ferrari,124,6,3,51,34,78,7,Interlagos,12
428,Vincent Rossi,France,Alfa Romeo,103,5,5,67,65,73,9,Circuit Zandvoort,15
429,Vincent Foster,Great Britain,Alfa Romeo,232,11,3,66,46,59,16,Interlagos,13
430,Pekka Rajala,Finland,Ferrari,194,9,4,74,33,55,9,Suzuka Circuit,15
431,Esko Saarinen-Kauppinen,Finland,Ferrari,97,5,5,49,20,65,11,Interlagos,14
432,Pelayo Pérez Llopis,Spain,Ferrari,108,5,3,64,75,92,14,Circuit of The Americas,16
433,Matthew Sanchez,Australia,Haas,175,8,5,78,52,63,9,Autodromo Hermanos Rodriguez,13
434,Lewis Manning,Great Britain,Ferrari,177,9,4,65,30,78,14,Autodromo Hermanos Rodriguez,16
435,Niko Nevala,Finland,Ferrari,137,7,2,73,37,71,9,Imola,14
436,Henry Rogers,Australia,Ferrari,196,9,3,54,23,80,15,Interlagos,12
437,Marc Maximiano Mosquera Villegas,Spain,McLaren,218,10,2,63,47,76,15,Suzuka Circuit,15
438,Éric Alves,France,AlphaTauri,179,9,5,63,7,49,8,Circuit of The Americas,11
439,Slobodan Killer,Germany,Aston Martin,228,11,4,63,34,63,11,Paul Ricard,16
440,Émile Weber,France,AlphaTauri,155,8,4,52,42,75,13,Red Bull Ring,11
441,Ilmari Tamminen,Finland,Alfa Romeo,129,6,4,77,29,83,12,Paul Ricard,14
442,Flavio Ajello,Italy,McLaren,186,9,2,46,23,74,13,Marina Bay,12
443,John Yates,Australia,McLaren,96,5,5,66,62,38,10,Albert Park,15
444,Émile Tessier du Didier,France,Ferrari,73,4,2,77,30,58,7,Circuit of The Americas,12
445,Jordán Comas Ferrándiz,Spain,Ferrari,117,6,3,53,53,54,11,Bahrain International Circuit,13
446,Antonello Giannuzzi,Italy,Alpine,125,6,4,62,7,86,13,Hungaroring,15
447,Douglas Griffiths,Great Britain,Alfa Romeo,252,12,6,71,35,52,14,Marina Bay,16
448,Ms Victoria Foster,Great Britain,Williams,127,6,3,58,53,72,12,Red Bull Ring,11
449,Dr Henry Moore,Great Britain,Alfa Romeo,109,5,3,53,38,47,11,Circuit of The Americas,10
450,Jayne Lynch,Great Britain,Aston Martin,133,7,1,55,43,69,9,Suzuka Circuit,12
451,Mrs Katy Burgess,Great Britain,Aston Martin,199,10,5,75,28,79,11,Circuit of The Americas,17
452,Jacqueline Smith,Great Britain,Williams,122,6,4,77,53,73,16,Paul Ricard,14
453,Valerie van den Oever,Netherlands,Ferrari,219,10,3,64,31,70,10,Albert Park,14
454,Patricio Navarrete Montoya,Spain,Haas,117,6,5,51,79,85,15,Imola,14
455,Umberto Filippelli,Italy,Alpine,161,8,6,57,48,91,14,Circuit Zandvoort,19
456,Sebastiano Pedersoli,Italy,McLaren,261,12,3,93,25,78,11,Bahrain International Circuit,16
457,Kalevi Nissinen,Finland,Alfa Romeo,193,9,2,72,70,69,11,Circuit of The Americas,14
458,Sean Mccann,Australia,Alfa Romeo,128,6,5,64,29,69,14,Autodromo Hermanos Rodriguez,14
459,Nicolas du Boulanger,France,Ferrari,171,8,2,63,48,68,16,Baku City Circuit,13
460,Beppe Scarpetta-Metella,Italy,McLaren,170,8,3,70,48,64,11,Interlagos,14
461,Juha Kivistö,Finland,AlphaTauri,152,7,5,52,54,68,13,Imola,13
462,Rhys Smith-Brown,Great Britain,McLaren,139,7,5,69,26,83,10,Circuit of The Americas,15
463,Heather Young,Great Britain,Ferrari,160,8,3,64,30,59,11,Circuit Zandvoort,12
464,Clifford Graham,Great Britain,Aston Martin,184,9,3,72,39,59,14,Paul Ricard,15
465,Lamberto Ferrara,Italy,Alfa Romeo,185,9,5,50,40,79,16,Circuit Zandvoort,14
466,Ms Tracey Jones,Great Britain,McLaren,204,10,4,88,38,51,17,Albert Park,16
467,Mrs Abigail Williams,Great Britain,Alfa Romeo,194,9,4,55,48,64,8,Interlagos,14
468,Pompeo Brambilla,Italy,McLaren,225,11,3,59,42,69,12,Imola,15
469,Rémy Robert,France,Alfa Romeo,55,3,2,68,40,81,15,Imola,12
470,Victor Palomar,Spain,Ferrari,136,7,1,72,19,55,9,Imola,11
471,Antero Eklund,Finland,Aston Martin,219,10,3,59,27,55,12,Circuit Zandvoort,14
472,Alex John,Great Britain,Ferrari,85,4,3,90,33,63,13,Suzuka Circuit,13
473,Mrs Judith Smith,Great Britain,Ferrari,230,11,2,64,19,62,14,Imola,13
474,Franck Aubert,France,Aston Martin,152,7,4,64,44,69,17,Suzuka Circuit,16
475,Francisco Harding,Australia,Ferrari,112,6,5,64,61,59,14,Marina Bay,15
476,Nova Mol-Marceron,Netherlands,Alpine,68,4,2,57,39,77,12,Albert Park,14
477,Conor Ward,Great Britain,AlphaTauri,135,7,3,69,29,81,6,Paul Ricard,12
478,Keith Begum,Great Britain,Ferrari,192,9,4,78,48,64,11,Jeddah Corniche Circuit,17
479,Jennifer Turnbull,Great Britain,Alfa Romeo,92,5,3,71,44,79,10,Circuit of The Americas,13
480,Natasha Rice,Great Britain,Alfa Romeo,167,8,4,72,8,52,15,Red Bull Ring,12
481,Joonatan Lindberg,Finland,McLaren,73,4,4,80,55,47,12,Marina Bay,14
482,Jasmine Cooper,Great Britain,McLaren,248,12,4,72,56,45,15,Circuit of The Americas,16
483,Darren West-Johnson,Great Britain,AlphaTauri,95,5,3,63,43,70,14,Paul Ricard,11
484,Eleuterio Folch Flor,Spain,Williams,129,6,3,66,43,90,15,Jeddah Corniche Circuit,13
485,Máximo Arcos,Spain,McLaren,156,8,3,60,69,58,12,Circuit of The Americas,15
486,Apolinar Daza Pellicer,Spain,Alfa Romeo,108,5,3,75,35,50,10,Marina Bay,11
487,Robert French MD,Australia,Ferrari,112,6,5,75,56,51,15,Interlagos,16
488,Marko Martikainen,Finland,McLaren,184,9,6,61,50,63,14,Interlagos,17
489,Marten Stiffel,Germany,Ferrari,219,10,4,60,29,67,16,Circuit of The Americas,14
490,Stéphane De Oliveira-Bourgeois,France,AlphaTauri,211,10,4,64,46,76,11,Autodromo Hermanos Rodriguez,14
491,Gianpaolo Battisti,Italy,Aston Martin,198,9,1,73,36,66,14,Marina Bay,13
492,Dr Kieran O'Connor,Great Britain,Ferrari,162,8,3,82,15,66,13,Circuit de Monaco,14
493,Ville Lindström,Finland,McLaren,123,6,2,60,43,74,14,Paul Ricard,14
494,Heikki Niskanen,Finland,McLaren,185,9,3,58,48,57,14,Autódromo José Carlos Pace,13
495,Rupert Wende,Germany,McLaren,196,9,4,54,43,64,14,Paul Ricard,16
496,Abraham Carbonell Ferrán,Spain,Ferrari,135,7,3,47,31,55,13,Interlagos,12
497,Imke van de Water,Netherlands,McLaren,180,9,3,48,34,87,13,Autodromo Hermanos Rodriguez,14
498,Prof. Thaddäus Schuchhardt,Germany,McLaren,119,6,2,60,54,65,8,Autodromo Hermanos Rodriguez,14
499,John Ford,Great Britain,McLaren,167,8,4,66,23,66,13,Suzuka Circuit,14
500,Roman Brancaccio,Italy,McLaren,139,7,5,70,29,65,12,Autodromo Hermanos Rodriguez,16
501,José María Nilo Calatayud Bonet,Spain,Ferrari,194,9,5,66,40,51,15,Imola,15
502,Frederique van der Laar,Netherlands,Aston Martin,168,8,2,76,33,64,11,Hungaroring,15
503,Ray Bradshaw,United States,McLaren,139,7,3,67,41,70,13,Circuit of The Americas,15
504,Gabriel Brown,Australia,Alfa Romeo,162,8,4,52,63,61,16,Circuit of The Americas,14
505,Fausto Serraglio-Chinnici,Italy,Alfa Romeo,97,5,5,65,17,67,11,Bahrain International Circuit,14
506,Sheila Humphreys,Great Britain,McLaren,159,8,5,55,32,75,16,Autódromo José Carlos Pace,16
507,Robin Fraser,Great Britain,Ferrari,187,9,2,55,32,65,15,Albert Park,12
508,Dawn Greenwood,Great Britain,Alfa Romeo,169,8,5,78,26,52,11,Autodromo Hermanos Rodriguez,14
509,Dusan Bärer,Germany,Aston Martin,167,8,4,59,22,53,17,Miami International Autodrome,14
510,Ms Geraldine Sims,Great Britain,Alpine,153,7,4,81,39,89,15,Marina Bay,19
511,Bernardo Scarponi,Italy,AlphaTauri,106,5,4,79,39,71,13,Suzuka Circuit,12
512,David Perry,Australia,Alfa Romeo,140,7,6,55,51,84,11,Circuit Zandvoort,16
513,Emigdio Eutropio Andreu Fonseca,Spain,Ferrari,184,9,3,58,36,66,16,Hungaroring,13
514,Louis Marshall,Great Britain,Aston Martin,148,7,5,71,39,53,9,Albert Park,16
515,Bruce Butler,Great Britain,Alpine,180,9,3,61,60,58,13,Red Bull Ring,16
516,Gérard Bertin,France,Ferrari,196,9,4,70,34,72,14,Autodromo Hermanos Rodriguez,14
517,Eduardo Alegre Lozano,Spain,Alfa Romeo,133,7,5,67,61,70,11,Circuit of The Americas,14
518,Aníbal Apolinar Haro Amat,Spain,Alfa Romeo,161,8,3,68,43,56,9,Hungaroring,12
519,Heinz-Gerd Bolzmann,Germany,McLaren,68,4,3,51,34,57,10,Paul Ricard,13
520,Natalie Dunn,Great Britain,Alfa Romeo,180,9,4,85,56,62,11,Circuit of The Americas,16
521,Saban Löffler MBA.,Germany,McLaren,106,5,4,70,81,87,16,Baku City Circuit,18
522,Maxi Raimundo Batalla Marti,Spain,Ferrari,65,3,4,62,65,58,13,Autodromo Nazionale di Monza,14
523,Mr Benjamin Foster,Great Britain,McLaren,168,8,4,55,39,60,7,Autodromo Hermanos Rodriguez,14
524,Cipriano Bonolis,Italy,Ferrari,142,7,1,62,54,62,10,Autodromo Hermanos Rodriguez,11
525,Victoria Stettyn,Netherlands,Aston Martin,159,8,6,83,46,61,15,Red Bull Ring,19
526,Philippe Rocher,France,Ferrari,157,8,3,62,38,79,12,Circuit of The Americas,12
527,William Charlton,Great Britain,Alpine,143,7,4,89,40,65,9,Autódromo José Carlos Pace,18
528,Arsenio Brunelleschi,Italy,Ferrari,190,9,3,55,31,68,13,Interlagos,12
529,Matias Vartiainen,Finland,McLaren,267,13,5,62,42,71,12,Autodromo Hermanos Rodriguez,16
530,Valerie Norris-Taylor,Great Britain,Alfa Romeo,218,10,5,56,22,65,11,Autodromo Hermanos Rodriguez,14
531,Ian Nicholson,Great Britain,Ferrari,123,6,4,68,60,33,10,Interlagos,13
532,Hamza van Dongen-Stettyn,Netherlands,Alfa Romeo,169,8,4,70,57,65,11,Autodromo Hermanos Rodriguez,15
533,Daniel Bernard,France,Ferrari,148,7,5,63,15,40,8,Circuit of The Americas,12
534,Kullervo Partanen,Finland,AlphaTauri,222,11,3,82,37,67,17,Circuit of The Americas,14
535,Ilmari Koistinen-Heinonen,Finland,AlphaTauri,139,7,4,59,16,65,12,Circuit Zandvoort,10
536,Juhani Ylitalo,Finland,Ferrari,87,4,3,66,23,86,14,Marina Bay,14
537,Aulis Viitanen,Finland,Ferrari,157,8,1,87,31,79,12,"Kyalami, South Africa",13
538,Victoria Owen-Davey,Great Britain,Williams,133,7,2,66,43,30,13,Bahrain International Circuit,8
539,Dott. Simone Pacetti,Italy,Ferrari,182,9,3,69,65,53,10,Autódromo José Carlos Pace,14
540,Sig. Gustavo Brunelleschi,Italy,Ferrari,264,12,5,66,29,74,11,Suzuka Circuit,17
541,Chucho Yáñez Clavero,Spain,Alfa Romeo,171,8,5,66,44,84,10,Imola,16
542,Steven Allen,United States,Alfa Romeo,164,8,1,68,32,77,11,Albert Park,11
543,Eric Marsden-Campbell,Great Britain,McLaren,200,10,2,50,32,76,15,Paul Ricard,12
544,Brett Dillon,Australia,Ferrari,127,6,5,72,33,61,15,Imola,15
545,Rafael Camps Chaves,Spain,AlphaTauri,155,8,4,47,52,71,11,Interlagos,13
546,Dimitrios Kostolzin,Germany,AlphaTauri,173,8,2,60,33,51,13,Circuit Zandvoort,11
547,Jose Ramón Maldonado Carrera,Spain,Ferrari,151,7,4,74,15,67,14,Interlagos,14
548,Dott. Amico Iannelli,Italy,Alfa Romeo,219,10,4,78,50,72,12,Circuit Zandvoort,15
549,Janne Alanen,Finland,Alpine,181,9,5,43,45,62,15,Circuit de Spa-Francorchamps,15
550,Yvonne Morgan,Great Britain,McLaren,93,5,4,58,56,71,15,Interlagos,15
551,Thomas Jones,Australia,AlphaTauri,243,12,3,52,51,80,11,Circuit Zandvoort,13
552,Kayleigh Williams,Great Britain,Alfa Romeo,150,7,4,80,0,65,13,"Kyalami, South Africa",13
553,Noël Bourdon,France,McLaren,156,8,3,49,46,56,13,Paul Ricard,12
554,Alexandra Webb,Great Britain,Aston Martin,150,7,3,70,31,46,9,Suzuka Circuit,14
555,Michael Oconnor,United States,AlphaTauri,161,8,2,67,47,72,14,Circuit Zandvoort,12
556,Romolo Verga-Borroni,Italy,Ferrari,116,6,5,50,34,58,14,Circuit Zandvoort,13
557,Agapito del Landa,Spain,Aston Martin,155,8,3,76,14,64,11,Circuit Zandvoort,14
558,Kimmo Kivimäki-Niskanen,Finland,Ferrari,135,7,5,62,41,45,10,Suzuka Circuit,14
559,Cipriano Zaccagnini,Italy,Alfa Romeo,130,6,4,51,58,64,14,Suzuka Circuit,13
560,Adrien Colin,France,Aston Martin,156,8,4,54,28,80,12,Autodromo Hermanos Rodriguez,15
561,Custodio Carreras Baeza,Spain,McLaren,204,10,5,70,46,43,18,Interlagos,15
562,Giovanni le Luc,Netherlands,Ferrari,189,9,4,72,41,88,13,Circuit Zandvoort,16
563,Rodney Crosby,United States,Aston Martin,154,7,4,77,32,64,12,Hungaroring,17
564,Leoncio Milla-Estevez,Spain,McLaren,154,7,4,67,60,56,12,Marina Bay,15
565,Dale Bennett,Great Britain,Alfa Romeo,215,10,5,91,22,67,12,Imola,16
566,Duilio Cerezo-Vicens,Spain,AlphaTauri,281,13,3,77,30,34,9,Autodromo Hermanos Rodriguez,12
567,Julián Carmona,Spain,Alpine,148,7,5,52,37,78,14,Baku City Circuit,17
568,Anne Perry,Great Britain,Ferrari,133,7,4,66,31,41,12,Circuit of The Americas,13
569,Herr Manuel Neureuther,Germany,AlphaTauri,197,9,3,63,40,92,15,Interlagos,13
570,Dr Billy Jones,Great Britain,Ferrari,164,8,3,70,43,56,13,Circuit of The Americas,14
571,Laurens Segerszoen,Netherlands,Ferrari,87,4,6,79,50,71,9,Circuit Zandvoort,17
572,Dale Burgess,Great Britain,Ferrari,237,11,4,78,51,66,13,Imola,16
573,Ferdinando Cilea,Italy,AlphaTauri,149,7,5,46,64,66,8,Baku City Circuit,14
574,Jordi Pérez Bermudez,Spain,AlphaTauri,180,9,2,54,50,65,12,Red Bull Ring,11
575,Elizabeth Gallagher,Great Britain,AlphaTauri,176,8,3,53,34,71,15,Red Bull Ring,10
576,Dott. Azeglio Dossi,Italy,McLaren,164,8,3,59,65,57,10,Circuit of The Americas,14
577,Miss Georgina Johnson,Great Britain,McLaren,147,7,3,69,27,55,18,Miami International Autodrome,12
578,Kay Boogaerts,Netherlands,Ferrari,150,7,5,55,52,90,10,Interlagos,16
579,Hardy Killer,Germany,AlphaTauri,172,8,3,63,30,48,14,Suzuka Circuit,11
580,Johnny Thompson,Australia,Alfa Romeo,90,5,4,60,49,64,14,Interlagos,13
581,Alfred de la Boyer,France,AlphaTauri,189,9,5,51,43,70,9,Bahrain International Circuit,14
582,Celestino Marquez Vendrell,Spain,Alfa Romeo,228,11,5,58,28,50,16,Autodromo Hermanos Rodriguez,13
583,Logan Douglas,Australia,Aston Martin,178,9,3,70,33,47,13,Marina Bay,14
584,Paul du Lecoq,France,Haas,122,6,1,75,39,58,12,Marina Bay,7
585,Elisa Hazenveld,Netherlands,Haas,144,7,0,33,44,53,13,Circuit Gilles Villeneuve,5
586,Glen Holmes,Great Britain,AlphaTauri,79,4,6,83,29,57,7,Circuit of The Americas,15
587,Dorothy Swift,Great Britain,Alfa Romeo,208,10,4,67,42,56,10,Bahrain International Circuit,14
588,Mr Declan Stevens,Great Britain,Alfa Romeo,149,7,4,61,60,76,10,Suzuka Circuit,15
589,Harold Espinoza,United States,Alfa Romeo,117,6,4,68,48,74,7,Jeddah Corniche Circuit,15
590,Dr Paul Allen,Great Britain,Alfa Romeo,161,8,4,57,53,53,10,Marina Bay,13
591,Maarten Schuurmans-van Haarlem,Netherlands,McLaren,154,7,3,70,29,73,10,Circuit of The Americas,14
592,Mauro Mazzini,Italy,AlphaTauri,124,6,4,76,3,70,16,Paul Ricard,11
593,Raymond Wilkinson,Great Britain,Alfa Romeo,129,6,4,67,24,63,8,Circuit Gilles Villeneuve,13
594,Jacqueline Wood,Great Britain,Ferrari,202,10,4,51,22,56,13,Paul Ricard,12
595,Jonathan McDonald,Great Britain,Ferrari,223,11,4,66,49,64,13,Suzuka Circuit,14
596,Matteo Pozzecco-Majorana,Italy,Alpine,216,10,4,49,40,73,12,Baku City Circuit,16
597,Gail Franklin,Great Britain,Ferrari,276,13,4,72,46,56,11,Baku City Circuit,16
598,Richard Mayo,United States,McLaren,119,6,2,51,36,55,10,Albert Park,11
599,Mr Damian Bibi,Great Britain,Ferrari,221,11,4,55,50,68,15,Albert Park,14
600,Jake Vaughan,Great Britain,Ferrari,163,8,2,66,37,66,10,Imola,13
601,Mark Wright,Great Britain,Alfa Romeo,167,8,3,43,27,75,12,Bahrain International Circuit,12
602,Michael Mitchell,Great Britain,Aston Martin,182,9,5,54,30,70,10,Suzuka Circuit,16
603,Marit Risma,Netherlands,McLaren,202,10,5,59,45,79,11,Interlagos,18
604,Ernesto Carbajo Guitart,Spain,AlphaTauri,187,9,3,76,24,69,15,Interlagos,12
605,Heikki Hokkanen,Finland,Alpine,157,8,4,72,53,77,17,Suzuka Circuit,18
606,Folker Schüler-Wesack,Germany,Alfa Romeo,155,8,3,75,38,48,14,Baku City Circuit,13
607,Dr Jacqueline Lloyd,Great Britain,Alfa Romeo,202,10,4,67,38,68,13,Red Bull Ring,13
608,Leocadio Jacinto Chaves Navarrete,Spain,Ferrari,197,9,3,59,16,71,9,Suzuka Circuit,12
609,Gerald Ward,Australia,Aston Martin,203,10,4,72,34,73,11,Interlagos,17
610,Benthe Huijben-Smits,Netherlands,Alfa Romeo,235,11,4,51,51,57,11,Hungaroring,13
611,Albert Fisher,Great Britain,McLaren,187,9,5,68,47,68,12,Albert Park,16
612,Niko Mustonen-Räty,Finland,Alfa Romeo,191,9,5,70,44,69,11,Marina Bay,14
613,Ms Kimberley Stone,Great Britain,Ferrari,110,5,4,43,25,60,13,Circuit Zandvoort,10
614,Catherine Robinson,Great Britain,Alfa Romeo,169,8,4,75,28,72,11,Circuit Zandvoort,15
615,Josephine Evans,Great Britain,Alfa Romeo,172,8,3,51,49,74,8,Circuit de Monaco,12
616,Henrik Kyllönen,Finland,McLaren,128,6,6,86,58,57,11,Interlagos,19
617,Dion Huberts,Netherlands,Ferrari,186,9,4,68,50,59,13,Circuit Zandvoort,15
618,Benjamin Coleman,Great Britain,Ferrari,204,10,3,61,39,60,15,Autodromo Hermanos Rodriguez,12
619,Olivia Hilton,Great Britain,McLaren,128,6,3,62,42,60,8,Paul Ricard,13
620,Gonzalo Rovira Molins,Spain,McLaren,162,8,6,71,34,69,10,Marina Bay,17
621,Ryan Jordan,United States,Ferrari,163,8,0,61,64,71,12,Marina Bay,13
622,Louis Gérard,France,Alfa Romeo,134,7,4,69,39,91,10,Circuit of The Americas,15
623,Dr Mohammad Burrows,Great Britain,Aston Martin,101,5,2,62,38,62,7,Albert Park,13
624,Carolyn May,Great Britain,McLaren,135,7,1,79,47,73,10,Interlagos,14
625,Thibault du Louis,France,AlphaTauri,135,7,4,68,53,49,12,Autódromo José Carlos Pace,12
626,Domenico Galilei,Italy,Ferrari,99,5,1,82,32,66,11,Interlagos,11
627,Gary White,Australia,Aston Martin,165,8,4,73,40,60,11,Circuit Zandvoort,16
628,Harriet Freeman,Great Britain,Alfa Romeo,124,6,1,60,44,75,16,Interlagos,11
629,Alberto Bianchi,Italy,Ferrari,183,9,3,68,24,67,7,Marina Bay,13
630,Dr Robin Bennett,Great Britain,McLaren,159,8,5,57,43,73,14,Imola,16
631,Georgia Flynn,Great Britain,McLaren,61,3,6,73,55,45,12,Bahrain International Circuit,15
632,Annette Cooper,Great Britain,Aston Martin,207,10,4,59,41,66,7,Miami International Autodrome,15
633,Dr Aaron Bennett,Great Britain,AlphaTauri,137,7,5,66,30,75,11,Circuit Zandvoort,13
634,Sig. Tiziano Battelli,Italy,Aston Martin,237,11,3,67,25,72,12,Paul Ricard,16
635,Gary Miles,Great Britain,Ferrari,96,5,3,56,47,75,12,Suzuka Circuit,12
636,Fenne Bresé,Netherlands,Aston Martin,136,7,3,67,48,57,12,Interlagos,15
637,Eric Harris,Great Britain,Ferrari,150,7,1,68,59,57,13,Circuit of The Americas,12
638,Nicholas Ford,United States,McLaren,195,9,4,74,49,55,12,Marina Bay,16
639,Bradley Snyder,United States,Ferrari,141,7,3,57,50,59,11,Albert Park,12
640,Sigfrido Quiroga Osorio,Spain,Ferrari,108,5,6,79,37,65,12,Imola,17
641,Mr Jordan John,Great Britain,Aston Martin,184,9,3,67,49,72,15,Albert Park,17
642,Antoine-Georges Turpin,France,Aston Martin,199,10,5,53,28,43,13,Imola,14
643,Modesto de Casanova,Spain,McLaren,137,7,4,78,62,65,8,Circuit Zandvoort,17
644,Dr Sara Harding,Great Britain,Haas,153,7,2,71,49,73,11,Marina Bay,10
645,Antoine Moreau,France,Aston Martin,185,9,7,64,41,52,12,Suzuka Circuit,18
646,Kalle Virtanen,Finland,McLaren,150,7,4,52,54,60,12,Bahrain International Circuit,14
647,John Warren Jr.,Australia,Ferrari,135,7,0,52,32,72,12,Bahrain International Circuit,9
648,Justin Butler,Great Britain,Aston Martin,134,7,5,73,35,44,12,Autódromo José Carlos Pace,15
649,Sabatino Turci,Italy,McLaren,119,6,5,99,30,65,13,Circuit of The Americas,17
650,Rémy Dupuy de Delaunay,France,McLaren,178,9,6,74,20,69,13,Circuit Zandvoort,17
651,Katherine Jones,Great Britain,Ferrari,169,8,5,62,49,90,13,Circuit of The Americas,17
652,Arttu Eskelinen,Finland,Aston Martin,150,7,4,62,73,67,13,Baku City Circuit,18
653,Mrs Samantha Evans,Great Britain,McLaren,226,11,6,66,56,60,8,Autodromo Hermanos Rodriguez,19
654,Mr Peter Brown,Great Britain,AlphaTauri,182,9,3,74,42,88,15,Paul Ricard,12
655,Maya van Oudewater,Netherlands,Alfa Romeo,224,11,3,77,22,57,12,Albert Park,13
656,Richard David,France,Ferrari,117,6,3,80,51,59,14,Bahrain International Circuit,14
657,Sterre Haengreve,Netherlands,Williams,115,6,3,62,33,80,14,Red Bull Ring,11
658,Rachel Bartlett,Great Britain,McLaren,135,7,3,75,44,68,11,Autodromo Hermanos Rodriguez,16
659,Jeremy Clements,Australia,McLaren,84,4,6,67,55,76,17,Marina Bay,17
660,Mateo Ortiz-Daza,Spain,AlphaTauri,174,8,6,75,39,79,10,Circuit of The Americas,16
661,Victoria Vial,Netherlands,Aston Martin,64,3,5,78,7,71,14,Interlagos,14
662,Nicodemo Caparrós Varela,Spain,McLaren,194,9,5,72,54,68,12,Suzuka Circuit,18
663,Job van Hoevel en van Zwindrecht,Netherlands,Alfa Romeo,171,8,5,64,52,62,15,Autodromo Hermanos Rodriguez,15
664,José Antonio Carmona Quintanilla,Spain,AlphaTauri,149,7,4,54,21,56,9,Marina Bay,10
665,Dott. Alberto Basso,Italy,Ferrari,164,8,3,45,44,80,7,Baku City Circuit,13
666,Katy Jones,Great Britain,Aston Martin,120,6,6,73,66,49,12,Marina Bay,18
667,Oliver Williams,Great Britain,McLaren,110,5,3,73,55,67,10,Imola,16
668,Dott. Corrado Trebbi,Italy,Ferrari,141,7,2,64,18,58,16,Circuit of The Americas,11
669,Joshua Sharp,Great Britain,McLaren,124,6,4,66,30,68,14,Circuit Gilles Villeneuve,15
670,Pierluigi Rizzoli,Italy,AlphaTauri,199,10,5,62,41,49,19,Paul Ricard,13
671,Mr Craig Bates,Great Britain,Haas,133,7,6,80,47,59,13,Albert Park,14
672,Alderano Tarantino,Italy,Ferrari,171,8,4,68,31,59,12,Circuit of The Americas,13
673,Mr Patrick Dennis,Great Britain,AlphaTauri,167,8,2,31,59,58,12,Circuit of The Americas,10
674,Benjamin Delattre,France,Ferrari,160,8,3,51,47,73,10,Interlagos,14
675,Arnaldo Pasqua-Foà,Italy,Haas,257,12,3,55,37,54,12,Circuit de Monaco,12
676,Antonello Golino-Angeli,Italy,AlphaTauri,141,7,5,59,39,64,12,Imola,13
677,Pepe Viña-Fiol,Spain,Alfa Romeo,178,9,3,58,63,48,11,Paul Ricard,13
678,Ms Debra Young,Great Britain,McLaren,146,7,4,67,49,63,11,Marina Bay,15
679,Edwin Beer B.A.,Germany,McLaren,167,8,3,72,20,74,14,Circuit Zandvoort,13
680,Jay Stephenson,Great Britain,AlphaTauri,143,7,5,52,23,91,11,Baku City Circuit,13
681,Kimmo Tikka,Finland,Alfa Romeo,114,6,5,78,29,49,9,Imola,13
682,Yrjö Mäkinen-Rantala,Finland,Williams,189,9,3,62,44,70,15,Circuit de Spa-Francorchamps,12
683,Samantha Clark,Great Britain,Ferrari,167,8,5,71,54,62,12,Imola,15
684,James Long,Australia,Alfa Romeo,147,7,5,61,64,76,14,Baku City Circuit,16
685,Kenneth Pham,United States,McLaren,169,8,4,71,56,61,12,Albert Park,16
686,Dr Ryan Gill,Great Britain,McLaren,226,11,2,71,43,56,15,Red Bull Ring,13
687,Annibale Schiaparelli-Gulotta,Italy,Alfa Romeo,106,5,3,64,43,76,17,Marina Bay,13
688,Raimund Fechner B.Sc.,Germany,Williams,65,3,4,61,36,64,12,Circuit Zandvoort,12
689,Johannes Hyvönen,Finland,AlphaTauri,101,5,4,47,48,87,17,Autodromo Hermanos Rodriguez,13
690,Dr Mandy Wood,Great Britain,Aston Martin,153,7,2,91,39,63,8,Imola,15
691,Erkki Sirén,Finland,Aston Martin,142,7,5,68,25,86,12,Autódromo José Carlos Pace,17
692,Ben Burns-Potts,Great Britain,McLaren,201,10,5,62,51,70,11,Suzuka Circuit,17
693,Tadeusz Christoph B.Sc.,Germany,AlphaTauri,133,7,4,48,29,66,12,Red Bull Ring,10
694,Victor Manuel Cazorla Santiago,Spain,AlphaTauri,140,7,4,88,53,76,12,Paul Ricard,15
695,Bernardo Cuzzocrea,Italy,Ferrari,150,7,2,55,47,55,14,Interlagos,12
696,Ms Abbie Morris,Great Britain,McLaren,119,6,5,40,40,68,10,Imola,14
697,John Stevens-Wood,Great Britain,McLaren,99,5,5,72,64,73,14,Interlagos,17
698,Salvi Brenna,Italy,Alfa Romeo,146,7,3,37,48,41,12,Marina Bay,9
699,Mikko Tähtinen-Perälä,Finland,Ferrari,165,8,5,58,43,66,13,Red Bull Ring,15
700,Seppo Varis,Finland,Ferrari,162,8,5,49,39,79,9,Autodromo Hermanos Rodriguez,13
701,Herberto Franch Villar,Spain,Alfa Romeo,208,10,6,51,42,62,13,Bahrain International Circuit,15
702,John Walters,Great Britain,Ferrari,190,9,6,72,45,64,11,Autodromo Hermanos Rodriguez,18
703,Robert Leon,Australia,McLaren,184,9,4,68,38,71,13,Baku City Circuit,15
704,Gero Kohl,Germany,Ferrari,180,9,4,41,39,58,11,Autódromo José Carlos Pace,14
705,Karen Richards-Jones,Great Britain,Ferrari,195,9,6,82,43,62,12,Paul Ricard,18
706,Éric Labbé,France,Haas,161,8,4,78,57,46,14,Imola,12
707,Beth Baker,Great Britain,Alpine,117,6,3,57,32,73,9,Jeddah Corniche Circuit,14
708,Noël Vallée,France,Aston Martin,210,10,3,67,45,52,14,Albert Park,16
709,Christopher Hughes,Great Britain,Ferrari,131,6,4,56,28,77,10,Circuit Zandvoort,12
710,Katherine McLean,Great Britain,AlphaTauri,205,10,3,87,53,65,14,Interlagos,14
711,Joonas Lindgren,Finland,McLaren,241,11,6,73,46,63,13,Interlagos,18
712,Abigail Ward,Great Britain,Ferrari,95,5,2,60,45,49,10,Marina Bay,10
713,Gerrit Olykan,Netherlands,Aston Martin,124,6,5,45,43,67,20,Imola,16
714,Noah Haney,Australia,Aston Martin,142,7,5,55,46,74,17,Autódromo José Carlos Pace,16
715,Gianluigi Serraglio,Italy,Alpine,166,8,3,58,53,67,14,Suzuka Circuit,17
716,Valerio Barozzi,Italy,AlphaTauri,102,5,2,66,46,58,10,Circuit of The Americas,9
717,María Bastida,Spain,Ferrari,107,5,3,77,45,64,14,Albert Park,14
718,Raffaellino Scarlatti,Italy,McLaren,162,8,5,57,53,61,13,Circuit of The Americas,16
719,Mr Henry Spencer,Great Britain,McLaren,226,11,3,61,44,62,11,Baku City Circuit,14
720,Ilkka Lehtonen,Finland,Alfa Romeo,203,10,4,42,40,53,14,Autodromo Hermanos Rodriguez,12
721,Ivan Letta,Italy,McLaren,166,8,2,76,45,69,11,Paul Ricard,15
722,Susan Owens,Great Britain,AlphaTauri,286,13,3,47,55,66,10,Autodromo Hermanos Rodriguez,12
723,Ben Lloyd,Great Britain,Alfa Romeo,184,9,4,57,35,73,14,Interlagos,14
724,Clemente Domínguez Rico,Spain,Alfa Romeo,172,8,6,65,39,58,12,Interlagos,15
725,Lynda Ward,Great Britain,Alfa Romeo,221,11,4,58,34,70,13,Circuit of The Americas,13
726,Pompeo Armellini,Italy,AlphaTauri,145,7,3,73,50,47,12,Autodromo Hermanos Rodriguez,12
727,Justin Bailey,United States,Alfa Romeo,182,9,2,44,48,72,11,as Marina,11
728,Dean Bennett,Great Britain,AlphaTauri,96,5,4,60,62,54,10,Bahrain International Circuit,11
729,Ramiro del Pérez,Spain,Ferrari,132,6,3,69,46,54,9,Circuit Zandvoort,12
730,Dennis Barker,Great Britain,McLaren,80,4,4,67,30,77,9,Albert Park,15
731,Félix Parra,Spain,AlphaTauri,139,7,5,77,58,92,11,Circuit Zandvoort,16
732,Dr Elliot Tomlinson,Great Britain,McLaren,116,6,4,65,57,85,10,Autodromo Hermanos Rodriguez,15
733,Ms Michelle Elliott,Great Britain,McLaren,169,8,5,52,46,63,12,Baku City Circuit,15
734,Robert Faure,France,Ferrari,98,5,4,58,47,53,10,Imola,13
735,Adalberto del Belda,Spain,Ferrari,175,8,5,74,34,70,10,Autodromo Hermanos Rodriguez,17
736,Ms Georgina Taylor,Great Britain,Aston Martin,154,7,4,64,45,53,13,Interlagos,15
737,Denis Lenoir,France,Ferrari,183,9,4,65,29,63,14,Red Bull Ring,14
738,Jussi Kinnunen,Finland,AlphaTauri,116,6,3,68,26,48,9,Circuit Zandvoort,10
739,Megan Read,Great Britain,Ferrari,165,8,4,79,55,62,14,Marina Bay,16
740,Tapani Suomalainen-Väisänen,Finland,Alfa Romeo,185,9,2,53,46,72,10,Paul Ricard,12
741,Julien Alves du Chevallier,France,Alfa Romeo,138,7,5,71,67,51,13,Circuit of The Americas,16
742,Ninthe Linschoten,Netherlands,Aston Martin,169,8,4,69,57,74,16,Autódromo José Carlos Pace,16
743,John Anderson-Green,Great Britain,McLaren,300,14,5,70,66,58,11,Marina Bay,18
744,Camillo Anastasi,Italy,Ferrari,121,6,5,76,54,67,16,Hungaroring,17
745,Ottone Cuda,Italy,AlphaTauri,193,9,1,84,24,63,15,Red Bull Ring,10
746,Leonard Murphy-Wells,Great Britain,Ferrari,133,7,5,70,56,76,12,Suzuka Circuit,16
747,Veerle Vos,Netherlands,Ferrari,206,10,2,60,29,58,9,Hungaroring,11
748,Pamela White,Great Britain,Haas,166,8,5,52,38,69,13,Circuit Zandvoort,11
749,Mika Jokinen,Finland,Alfa Romeo,104,5,5,57,35,59,12,Suzuka Circuit,13
